ИНН,Выручка2023,Выручка2022,Себестоимость продаж2023,Себестоимость продаж2022,Валовая прибыль (убыток)2023,Валовая прибыль (убыток)2022,Коммерческие расходы2023,Коммерческие расходы2022,Управленческие расходы2023,Управленческие расходы2022,Прибыль (убыток) от продаж2023,Прибыль (убыток) от продаж2022,Доходы от участия в других организациях2023,Доходы от участия в других организациях2022,Проценты к получению2023,Проценты к получению2022,Проценты к уплате2023,Проценты к уплате2022,Прочие доходы2023,Прочие доходы2022,Прочие расходы2023,Прочие расходы2022,Прибыль (убыток) до налогообложения2023,Прибыль (убыток) до налогообложения2022,Налог на прибыль2023,Налог на прибыль2022,в т.ч. текущий налог на прибыль2023,в т.ч. текущий налог на прибыль2022,Отложенный налог на прибыль2023,Отложенный налог на прибыль2022,в т.ч. постоянные налоговые обязательства2023,в т.ч. постоянные налоговые обязательства2022,Изменение отложенных налоговых обязательств2023,Изменение отложенных налоговых обязательств2022,Изменение отложенных налоговых активов2023,Изменение отложенных налоговых активов2022,Прочее2023,Прочее2022,Чистая прибыль (убыток)2023,Чистая прибыль (убыток)2022,"Результат от переоценки внеоборотных активов, не включаемый в чистую прибыль (убыток) периода2023","Результат от переоценки внеоборотных активов, не включаемый в чистую прибыль (убыток) периода2022","Результат от прочих операций, не включаемый в чистую прибыль (убыток) периода2023","Результат от прочих операций, не включаемый в чистую прибыль (убыток) периода2022","Налог на прибыль от операций, результат которых не включается в чистую прибыль (убыток) периода2023","Налог на прибыль от операций, результат которых не включается в чистую прибыль (убыток) периода2022",Совокупный финансовый результат периода2023,Совокупный финансовый результат периода2022,Справочно Базовая прибыль (убыток) на акцию2023,Справочно Базовая прибыль (убыток) на акцию2022,Разводненная прибыль (убыток) на акцию2023,Разводненная прибыль (убыток) на акцию2022,Баланс2023,Баланс2022,Расходы по обычной деятельности2023,Расходы по обычной деятельности2022,Налоги на прибыль (доходы)2023,Налоги на прибыль (доходы)2022,Balance_test,FinRes_test,Revenue_test,судебные дела,в качестве истца,в качестве ответчика,текущие производства,завершенные производства,совладельцы,число тендеров
4025428684,328002,184658,-240280,-91697,87722,92961,,,-49616,-30868,38106,62093,,,22654,8306,-67188,-53198,70516,18011,-61489,-25385,2599,9827,648,1601,-3219,-276,3867,1876,,,,,,,5509,384,8756,11812,,,,,,,8756,11812,,,,,776767,562221,,,,,1.0,1.0,1.0,7.0,1.0,3.0,0.0,59.0,2.0,0.0
1435126890,328002,184658,-240280,-91697,87722,92961,,,-49616,-30868,38106,62093,,,22654,8306,-67188,-53198,70516,18011,-61489,-25385,2599,9827,648,1601,-3219,-276,3867,1876,,,,,,,5509,384,8756,11812,,,,,,,8756,11812,,,,,776767,562221,,,,,1.0,1.0,1.0,135.0,53.0,33.0,0.0,31.0,4.0,12.0
7724510200,328002,184658,-240280,-91697,87722,92961,,,-49616,-30868,38106,62093,,,22654,8306,-67188,-53198,70516,18011,-61489,-25385,2599,9827,648,1601,-3219,-276,3867,1876,,,,,,,5509,384,8756,11812,,,,,,,8756,11812,,,,,776767,562221,,,,,1.0,1.0,1.0,14.0,2.0,6.0,0.0,41.0,3.0,0.0
3123357373,5038748,2900513,-4505509,-2495230,533239,405283,-272934,-183553,-837,-688,259468,221042,,,2694,4080,-62345,-32251,552809,248537,-580799,-199987,171827,241421,-35153,-47248,-31294,-30287,-4255,-17068,,,,,,,-396,-107,136278,194066,,,,,,,136278,194066,,,,,2421191,1696292,,,,,1.0,1.0,1.0,7.0,4.0,1.0,0.0,44.0,1.0,1.0
7703471817,5038748,2900513,-4505509,-2495230,533239,405283,-272934,-183553,-837,-688,259468,221042,,,2694,4080,-62345,-32251,552809,248537,-580799,-199987,171827,241421,-35153,-47248,-31294,-30287,-4255,-17068,,,,,,,-396,-107,136278,194066,,,,,,,136278,194066,,,,,2421191,1696292,,,,,1.0,1.0,1.0,0.0,0.0,0.0,0.0,0.0,1.0,0.0
4101011782,5038748,2900513,-4505509,-2495230,533239,405283,-272934,-183553,-837,-688,259468,221042,,,2694,4080,-62345,-32251,552809,248537,-580799,-199987,171827,241421,-35153,-47248,-31294,-30287,-4255,-17068,,,,,,,-396,-107,136278,194066,,,,,,,136278,194066,,,,,2421191,1696292,,,,,1.0,1.0,1.0,1008.0,279.0,247.0,1.0,138.0,0.0,43.0
6317021441,5038748,2900513,-4505509,-2495230,533239,405283,-272934,-183553,-837,-688,259468,221042,,,2694,4080,-62345,-32251,552809,248537,-580799,-199987,171827,241421,-35153,-47248,-31294,-30287,-4255,-17068,,,,,,,-396,-107,136278,194066,,,,,,,136278,194066,,,,,2421191,1696292,,,,,1.0,1.0,1.0,34.0,11.0,11.0,0.0,14.0,3.0,181.0
7708213619,5038748,2900513,-4505509,-2495230,533239,405283,-272934,-183553,-837,-688,259468,221042,,,2694,4080,-62345,-32251,552809,248537,-580799,-199987,171827,241421,-35153,-47248,-31294,-30287,-4255,-17068,,,,,,,-396,-107,136278,194066,,,,,,,136278,194066,,,,,2421191,1696292,,,,,1.0,1.0,1.0,45.0,7.0,3.0,0.0,0.0,0.0,2.0
7706460690,430445,16059329,-257394,-15038342,173051,1020987,,,-752617,-965298,-579566,55689,47991,,2060819,1576451,-1981536,-1604480,18489276,1953376,-17931731,-1417733,105253,563303,-6340,-143821,0,-34573,-6340,-109248,,,,,,,,,98913,419482,,,,,,,98913,419482,,,,,25227342,22289245,,,,,1.0,1.0,0.0,8.0,1.0,1.0,0.0,28.0,10.0,0.0
7750004175,430445,16059329,-257394,-15038342,173051,1020987,,,-752617,-965298,-579566,55689,47991,,2060819,1576451,-1981536,-1604480,18489276,1953376,-17931731,-1417733,105253,563303,-6340,-143821,0,-34573,-6340,-109248,,,,,,,,,98913,419482,,,,,,,98913,419482,,,,,25227342,22289245,,,,,1.0,1.0,0.0,31.0,8.0,5.0,0.0,6.0,0.0,1.0
7714312079,430445,16059329,-257394,-15038342,173051,1020987,,,-752617,-965298,-579566,55689,47991,,2060819,1576451,-1981536,-1604480,18489276,1953376,-17931731,-1417733,105253,563303,-6340,-143821,0,-34573,-6340,-109248,,,,,,,,,98913,419482,,,,,,,98913,419482,,,,,25227342,22289245,,,,,1.0,1.0,0.0,1818.0,105.0,1275.0,1.0,2219.0,1.0,260.0
7704300652,430445,16059329,-257394,-15038342,173051,1020987,,,-752617,-965298,-579566,55689,47991,,2060819,1576451,-1981536,-1604480,18489276,1953376,-17931731,-1417733,105253,563303,-6340,-143821,0,-34573,-6340,-109248,,,,,,,,,98913,419482,,,,,,,98913,419482,,,,,25227342,22289245,,,,,1.0,1.0,0.0,17.0,7.0,2.0,0.0,70.0,0.0,0.0
5404345962,11523385,9721246,-10488221,-8955722,1035164,765524,-393160,-337532,,,642004,427992,,,66298,32742,-323240,-290300,4141,29906,-160824,-63800,228379,136540,-48262,-29691,-45389,-29352,-2873,-339,,,,,,,,,180117,106849,,,,,,,180117,106849,,,,,4648894,3420185,,,,,1.0,1.0,1.0,156.0,87.0,50.0,1.0,15.0,1.0,37.0
6227001779,11523385,9721246,-10488221,-8955722,1035164,765524,-393160,-337532,,,642004,427992,,,66298,32742,-323240,-290300,4141,29906,-160824,-63800,228379,136540,-48262,-29691,-45389,-29352,-2873,-339,,,,,,,,,180117,106849,,,,,,,180117,106849,,,,,4648894,3420185,,,,,1.0,1.0,1.0,395.0,51.0,45.0,0.0,12.0,1.0,26.0
2225019491,653,47,-52,-7,13,40,,,,,13,40,,,,,,,,,,,13,40,,,,,,,,,,,,,,,13,40,,,,,,,13,40,,,,,0,0,,,,,0.0,1.0,1.0,160.0,30.0,28.0,0.0,29.0,9.0,23.0
7714819895,653,47,-52,-7,13,40,,,,,13,40,,,,,,,,,,,13,40,,,,,,,,,,,,,,,13,40,,,,,,,13,40,,,,,0,0,,,,,0.0,1.0,1.0,961.0,46.0,79.0,3.0,33.0,1.0,4.0
4004021785,31723,70808,-14723,-65994,17000,4814,-270,,,,16730,4814,,,41166,1877,-48705,-3160,21890,957,-18317,-1479,12764,3009,-2709,-698,-2023,-110,-689,-588,,,,,,,2125,-3140,12180,-829,,,,,,,12180,-829,,,,,649216,78744,,,,,1.0,1.0,0.0,67.0,11.0,30.0,2.0,57.0,23.0,3.0
2708001686,7243947,5946534,-5020849,-5004280,2223098,942254,-3946,-4004,-582334,-537261,1636818,400989,,,145143,83198,-1288371,-668204,306702,2239901,-861328,-3115288,-61036,-1059404,6283,87827,,,6283,87827,,,,,,,,,-54753,-971577,,,,,,,-54753,-971577,,,,,19869599,15004803,,,,,1.0,1.0,1.0,59.0,20.0,32.0,5.0,27.0,2.0,0.0
8601027509,7243947,5946534,-5020849,-5004280,2223098,942254,-3946,-4004,-582334,-537261,1636818,400989,,,145143,83198,-1288371,-668204,306702,2239901,-861328,-3115288,-61036,-1059404,6283,87827,,,6283,87827,,,,,,,,,-54753,-971577,,,,,,,-54753,-971577,,,,,19869599,15004803,,,,,1.0,1.0,1.0,67.0,47.0,8.0,0.0,15.0,1.0,3.0
7709445387,7243947,5946534,-5020849,-5004280,2223098,942254,-3946,-4004,-582334,-537261,1636818,400989,,,145143,83198,-1288371,-668204,306702,2239901,-861328,-3115288,-61036,-1059404,6283,87827,,,6283,87827,,,,,,,,,-54753,-971577,,,,,,,-54753,-971577,,,,,19869599,15004803,,,,,1.0,1.0,1.0,16.0,12.0,2.0,0.0,23.0,0.0,2.0
7731038186,7243947,5946534,-5020849,-5004280,2223098,942254,-3946,-4004,-582334,-537261,1636818,400989,,,145143,83198,-1288371,-668204,306702,2239901,-861328,-3115288,-61036,-1059404,6283,87827,,,6283,87827,,,,,,,,,-54753,-971577,,,,,,,-54753,-971577,,,,,19869599,15004803,,,,,1.0,1.0,1.0,114.0,32.0,37.0,0.0,10.0,8.0,9.0
1835047032,7243947,5946534,-5020849,-5004280,2223098,942254,-3946,-4004,-582334,-537261,1636818,400989,,,145143,83198,-1288371,-668204,306702,2239901,-861328,-3115288,-61036,-1059404,6283,87827,,,6283,87827,,,,,,,,,-54753,-971577,,,,,,,-54753,-971577,,,,,19869599,15004803,,,,,1.0,1.0,1.0,306.0,89.0,34.0,0.0,25.0,0.0,47.0
7838066700,7243947,5946534,-5020849,-5004280,2223098,942254,-3946,-4004,-582334,-537261,1636818,400989,,,145143,83198,-1288371,-668204,306702,2239901,-861328,-3115288,-61036,-1059404,6283,87827,,,6283,87827,,,,,,,,,-54753,-971577,,,,,,,-54753,-971577,,,,,19869599,15004803,,,,,1.0,1.0,1.0,154.0,69.0,44.0,0.0,53.0,1.0,60.0
7706415377,7243947,5946534,-5020849,-5004280,2223098,942254,-3946,-4004,-582334,-537261,1636818,400989,,,145143,83198,-1288371,-668204,306702,2239901,-861328,-3115288,-61036,-1059404,6283,87827,,,6283,87827,,,,,,,,,-54753,-971577,,,,,,,-54753,-971577,,,,,19869599,15004803,,,,,1.0,1.0,1.0,13.0,6.0,8.0,1.0,389.0,1.0,4.0
7727528950,7243947,5946534,-5020849,-5004280,2223098,942254,-3946,-4004,-582334,-537261,1636818,400989,,,145143,83198,-1288371,-668204,306702,2239901,-861328,-3115288,-61036,-1059404,6283,87827,,,6283,87827,,,,,,,,,-54753,-971577,,,,,,,-54753,-971577,,,,,19869599,15004803,,,,,1.0,1.0,1.0,97.0,44.0,28.0,0.0,11.0,13.0,5.0
7713076301,297323917,279983160,-167128309,-172869580,130195608,107113580,-17006220,-17579548,-65166778,-51704782,48022610,37829250,54447191,155,6287333,823298,-36354428,-28828578,29290326,2488180,-56578626,-10774693,45114406,1537612,793998,-594772,-4748371,-3090198,5542369,2495426,,,,,,,560185,681756,46468589,1624596,,,,,,,46468589,1624596,,,,,584125394,406497115,,,,,1.0,1.0,1.0,12390.0,6317.0,4356.0,45.0,16096.0,15.0,1810.0
7728142469,297323917,279983160,-167128309,-172869580,130195608,107113580,-17006220,-17579548,-65166778,-51704782,48022610,37829250,54447191,155,6287333,823298,-36354428,-28828578,29290326,2488180,-56578626,-10774693,45114406,1537612,793998,-594772,-4748371,-3090198,5542369,2495426,,,,,,,560185,681756,46468589,1624596,,,,,,,46468589,1624596,,,,,584125394,406497115,,,,,1.0,1.0,1.0,203.0,94.0,63.0,1.0,15.0,6.0,90.0
7709031643,297323917,279983160,-167128309,-172869580,130195608,107113580,-17006220,-17579548,-65166778,-51704782,48022610,37829250,54447191,155,6287333,823298,-36354428,-28828578,29290326,2488180,-56578626,-10774693,45114406,1537612,793998,-594772,-4748371,-3090198,5542369,2495426,,,,,,,560185,681756,46468589,1624596,,,,,,,46468589,1624596,,,,,584125394,406497115,,,,,1.0,1.0,1.0,48756.0,14946.0,32318.0,114.0,52244.0,3.0,362.0
5030085811,1352409,1826101,-1104830,-1531445,247579,294656,-56093,-63948,-35438,-44523,156048,186185,,,480,503,-82936,-94566,436883,82240,-474193,-109905,36282,64457,-10692,-14211,-1228,-8322,-9464,-5889,,,,,,,10,-3765,25590,46481,,,,,,,25590,46481,,,,,1603300,1565857,,,,,1.0,1.0,1.0,48.0,37.0,7.0,0.0,0.0,1.0,0.0
7744002211,1352409,1826101,-1104830,-1531445,247579,294656,-56093,-63948,-35438,-44523,156048,186185,,,480,503,-82936,-94566,436883,82240,-474193,-109905,36282,64457,-10692,-14211,-1228,-8322,-9464,-5889,,,,,,,10,-3765,25590,46481,,,,,,,25590,46481,,,,,1603300,1565857,,,,,1.0,1.0,1.0,431.0,98.0,173.0,1.0,31.0,2.0,3.0
7704113772,1352409,1826101,-1104830,-1531445,247579,294656,-56093,-63948,-35438,-44523,156048,186185,,,480,503,-82936,-94566,436883,82240,-474193,-109905,36282,64457,-10692,-14211,-1228,-8322,-9464,-5889,,,,,,,10,-3765,25590,46481,,,,,,,25590,46481,,,,,1603300,1565857,,,,,1.0,1.0,1.0,445.0,141.0,71.0,1.0,91.0,3.0,19.0
1402046014,31907417,22118580,-24901071,-16702469,7006346,5416111,-97076,-86938,-2949920,-1840132,3959350,3489041,600,17388,1378330,1568188,-3063525,-1646616,10172932,34512225,-21900466,-33187639,-9452779,4752587,1759003,-1028661,,,1759003,-1028661,,,,,,,,,-7693776,3723926,,,,,,,-7693776,3723926,,,,,57375750,63804382,,,,,1.0,1.0,1.0,164.0,94.0,52.0,0.0,125.0,2.0,0.0
1402047184,1455913,869308,-1386584,-827912,69329,41396,,,-334385,-817184,-265056,-775788,2658885,4958419,1664683,987638,-2385241,-2230410,39466193,30596140,-25499314,-31735612,15640150,1800387,-1233150,486669,,,-1233150,486669,,,,,,,,,14407000,2287056,,,,,,,14407000,2287056,,,,,84996490,64599845,,,,,1.0,1.0,1.0,37.0,8.0,26.0,0.0,59.0,1.0,0.0
3525023780,1455913,869308,-1386584,-827912,69329,41396,,,-334385,-817184,-265056,-775788,2658885,4958419,1664683,987638,-2385241,-2230410,39466193,30596140,-25499314,-31735612,15640150,1800387,-1233150,486669,,,-1233150,486669,,,,,,,,,14407000,2287056,,,,,,,14407000,2287056,,,,,84996490,64599845,,,,,1.0,1.0,1.0,1477.0,410.0,183.0,1.0,86.0,1.0,65.0
7715159793,1455913,869308,-1386584,-827912,69329,41396,,,-334385,-817184,-265056,-775788,2658885,4958419,1664683,987638,-2385241,-2230410,39466193,30596140,-25499314,-31735612,15640150,1800387,-1233150,486669,,,-1233150,486669,,,,,,,,,14407000,2287056,,,,,,,14407000,2287056,,,,,84996490,64599845,,,,,1.0,1.0,1.0,12.0,0.0,0.0,0.0,9.0,1.0,0.0
5011039432,0,53,0,-49,0,4,,,-589,-47939,-589,-47935,,,9193,734,,,530865,499030,-900869,-637828,-361400,-185999,71976,34532,,,71976,34532,,,,,,,,,-289424,-151467,,,,,,,-289424,-151467,,,,,12542179,7616253,,,,,1.0,0.0,0.0,1.0,1.0,0.0,0.0,0.0,2.0,0.0
7709853192,0,53,0,-49,0,4,,,-589,-47939,-589,-47935,,,9193,734,,,530865,499030,-900869,-637828,-361400,-185999,71976,34532,,,71976,34532,,,,,,,,,-289424,-151467,,,,,,,-289424,-151467,,,,,12542179,7616253,,,,,1.0,0.0,0.0,58.0,27.0,12.0,1.0,4.0,5.0,0.0
5008009854,0,53,0,-49,0,4,,,-589,-47939,-589,-47935,,,9193,734,,,530865,499030,-900869,-637828,-361400,-185999,71976,34532,,,71976,34532,,,,,,,,,-289424,-151467,,,,,,,-289424,-151467,,,,,12542179,7616253,,,,,1.0,0.0,0.0,41.0,14.0,13.0,1.0,9.0,5.0,6.0
7706111837,0,53,0,-49,0,4,,,-589,-47939,-589,-47935,,,9193,734,,,530865,499030,-900869,-637828,-361400,-185999,71976,34532,,,71976,34532,,,,,,,,,-289424,-151467,,,,,,,-289424,-151467,,,,,12542179,7616253,,,,,1.0,0.0,0.0,21.0,6.0,0.0,0.0,0.0,3.0,2.0
7720779760,5708461,3272629,-4918708,-2926950,789753,345679,-576347,-214639,-82004,-70609,131402,60431,,,7319,2809,-18577,-595,33895,37481,-67910,-22486,86129,77640,-17331,-13352,-17945,-14586,614,1234,,,,,,,,,68798,64288,,,,,,,68798,64288,,,,,1485445,804790,,,,,1.0,1.0,1.0,17.0,11.0,2.0,0.0,1.0,0.0,0.0
7701155020,5708461,3272629,-4918708,-2926950,789753,345679,-576347,-214639,-82004,-70609,131402,60431,,,7319,2809,-18577,-595,33895,37481,-67910,-22486,86129,77640,-17331,-13352,-17945,-14586,614,1234,,,,,,,,,68798,64288,,,,,,,68798,64288,,,,,1485445,804790,,,,,1.0,1.0,1.0,28.0,9.0,11.0,0.0,4.0,0.0,0.0
7706196090,5708461,3272629,-4918708,-2926950,789753,345679,-576347,-214639,-82004,-70609,131402,60431,,,7319,2809,-18577,-595,33895,37481,-67910,-22486,86129,77640,-17331,-13352,-17945,-14586,614,1234,,,,,,,,,68798,64288,,,,,,,68798,64288,,,,,1485445,804790,,,,,1.0,1.0,1.0,101699.0,59240.0,39534.0,100.0,70176.0,3.0,488.0
3801002781,5708461,3272629,-4918708,-2926950,789753,345679,-576347,-214639,-82004,-70609,131402,60431,,,7319,2809,-18577,-595,33895,37481,-67910,-22486,86129,77640,-17331,-13352,-17945,-14586,614,1234,,,,,,,,,68798,64288,,,,,,,68798,64288,,,,,1485445,804790,,,,,1.0,1.0,1.0,645.0,265.0,100.0,0.0,40.0,1.0,8.0
7702336269,12432793,4192420,-1435600,-1471411,10997193,2721009,-79435,-188334,-1969468,-1923746,8948290,608929,0,6797600,5846618,4839238,-10823075,-11437589,172091,2247198,-3470278,-2325890,673646,729486,-408651,1265438,-447522,,38870,1265438,,,,,,,14384,-104334,279379,1890590,,,,,,,279379,1890590,,,,,181920763,182600325,,,,,1.0,1.0,1.0,72.0,9.0,37.0,68.0,943.0,30.0,1.0
7734202860,12432793,4192420,-1435600,-1471411,10997193,2721009,-79435,-188334,-1969468,-1923746,8948290,608929,0,6797600,5846618,4839238,-10823075,-11437589,172091,2247198,-3470278,-2325890,673646,729486,-408651,1265438,-447522,,38870,1265438,,,,,,,14384,-104334,279379,1890590,,,,,,,279379,1890590,,,,,181920763,182600325,,,,,1.0,1.0,1.0,1834.0,791.0,267.0,4.0,552.0,5.0,24.0
7744001049,12432793,4192420,-1435600,-1471411,10997193,2721009,-79435,-188334,-1969468,-1923746,8948290,608929,0,6797600,5846618,4839238,-10823075,-11437589,172091,2247198,-3470278,-2325890,673646,729486,-408651,1265438,-447522,,38870,1265438,,,,,,,14384,-104334,279379,1890590,,,,,,,279379,1890590,,,,,181920763,182600325,,,,,1.0,1.0,1.0,30.0,12.0,0.0,0.0,0.0,0.0,0.0
7730149408,12432793,4192420,-1435600,-1471411,10997193,2721009,-79435,-188334,-1969468,-1923746,8948290,608929,0,6797600,5846618,4839238,-10823075,-11437589,172091,2247198,-3470278,-2325890,673646,729486,-408651,1265438,-447522,,38870,1265438,,,,,,,14384,-104334,279379,1890590,,,,,,,279379,1890590,,,,,181920763,182600325,,,,,1.0,1.0,1.0,36.0,5.0,2.0,0.0,1.0,0.0,3.0
5036117570,12432793,4192420,-1435600,-1471411,10997193,2721009,-79435,-188334,-1969468,-1923746,8948290,608929,0,6797600,5846618,4839238,-10823075,-11437589,172091,2247198,-3470278,-2325890,673646,729486,-408651,1265438,-447522,,38870,1265438,,,,,,,14384,-104334,279379,1890590,,,,,,,279379,1890590,,,,,181920763,182600325,,,,,1.0,1.0,1.0,5.0,3.0,1.0,0.0,38.0,1.0,18.0
5203000478,12432793,4192420,-1435600,-1471411,10997193,2721009,-79435,-188334,-1969468,-1923746,8948290,608929,0,6797600,5846618,4839238,-10823075,-11437589,172091,2247198,-3470278,-2325890,673646,729486,-408651,1265438,-447522,,38870,1265438,,,,,,,14384,-104334,279379,1890590,,,,,,,279379,1890590,,,,,181920763,182600325,,,,,1.0,1.0,1.0,32.0,13.0,9.0,0.0,7.0,1.0,1.0
7722563196,12432793,4192420,-1435600,-1471411,10997193,2721009,-79435,-188334,-1969468,-1923746,8948290,608929,0,6797600,5846618,4839238,-10823075,-11437589,172091,2247198,-3470278,-2325890,673646,729486,-408651,1265438,-447522,,38870,1265438,,,,,,,14384,-104334,279379,1890590,,,,,,,279379,1890590,,,,,181920763,182600325,,,,,1.0,1.0,1.0,40.0,19.0,13.0,0.0,65.0,1.0,12.0
7704501207,12432793,4192420,-1435600,-1471411,10997193,2721009,-79435,-188334,-1969468,-1923746,8948290,608929,0,6797600,5846618,4839238,-10823075,-11437589,172091,2247198,-3470278,-2325890,673646,729486,-408651,1265438,-447522,,38870,1265438,,,,,,,14384,-104334,279379,1890590,,,,,,,279379,1890590,,,,,181920763,182600325,,,,,1.0,1.0,1.0,6.0,3.0,3.0,0.0,2.0,6.0,0.0
7703635416,83667,74997,-91149,-96085,-7482,-21088,,,-6019,-11601,-13501,-32689,0,3231839,1101514,1482515,-1030796,-1334270,2519,2309,-16314,-34609,43422,3315095,-11512,-16737,-11512,-16746,0,8,,,,,,,,,31910,3298358,,,,,,,31910,3298358,,,,,13292689,20400248,,,,,1.0,0.0,1.0,8.0,4.0,2.0,0.0,11.0,4.0,0.0
7809016423,83667,74997,-91149,-96085,-7482,-21088,,,-6019,-11601,-13501,-32689,0,3231839,1101514,1482515,-1030796,-1334270,2519,2309,-16314,-34609,43422,3315095,-11512,-16737,-11512,-16746,0,8,,,,,,,,,31910,3298358,,,,,,,31910,3298358,,,,,13292689,20400248,,,,,1.0,0.0,1.0,2526.0,1118.0,946.0,12.0,1543.0,1.0,289.0
7701140866,83667,74997,-91149,-96085,-7482,-21088,,,-6019,-11601,-13501,-32689,0,3231839,1101514,1482515,-1030796,-1334270,2519,2309,-16314,-34609,43422,3315095,-11512,-16737,-11512,-16746,0,8,,,,,,,,,31910,3298358,,,,,,,31910,3298358,,,,,13292689,20400248,,,,,1.0,0.0,1.0,122.0,97.0,7.0,0.0,1.0,3.0,10.0
7831000034,83667,74997,-91149,-96085,-7482,-21088,,,-6019,-11601,-13501,-32689,0,3231839,1101514,1482515,-1030796,-1334270,2519,2309,-16314,-34609,43422,3315095,-11512,-16737,-11512,-16746,0,8,,,,,,,,,31910,3298358,,,,,,,31910,3298358,,,,,13292689,20400248,,,,,1.0,0.0,1.0,48.0,6.0,9.0,0.0,33.0,0.0,2.0
7714582540,225023,295789,-5540,-27313,219483,268476,,,-60960,-82524,158523,185952,,,4100,19887,-146322,-196334,115432,325072,-105747,-305490,25986,29087,-3537,-2021,-4390,-2987,853,966,,,,,,,,,22449,27066,,,,,,,22449,27066,,,,,1864961,1633160,,,,,1.0,1.0,1.0,261.0,144.0,46.0,1.0,1183.0,2.0,0.0
7714450590,225023,295789,-5540,-27313,219483,268476,,,-60960,-82524,158523,185952,,,4100,19887,-146322,-196334,115432,325072,-105747,-305490,25986,29087,-3537,-2021,-4390,-2987,853,966,,,,,,,,,22449,27066,,,,,,,22449,27066,,,,,1864961,1633160,,,,,1.0,1.0,1.0,38.0,35.0,1.0,0.0,3.0,2.0,19.0
8602998609,225023,295789,-5540,-27313,219483,268476,,,-60960,-82524,158523,185952,,,4100,19887,-146322,-196334,115432,325072,-105747,-305490,25986,29087,-3537,-2021,-4390,-2987,853,966,,,,,,,,,22449,27066,,,,,,,22449,27066,,,,,1864961,1633160,,,,,1.0,1.0,1.0,44.0,32.0,2.0,0.0,0.0,0.0,0.0
7722270922,225023,295789,-5540,-27313,219483,268476,,,-60960,-82524,158523,185952,,,4100,19887,-146322,-196334,115432,325072,-105747,-305490,25986,29087,-3537,-2021,-4390,-2987,853,966,,,,,,,,,22449,27066,,,,,,,22449,27066,,,,,1864961,1633160,,,,,1.0,1.0,1.0,35.0,22.0,7.0,0.0,0.0,9.0,2.0
3445028704,225023,295789,-5540,-27313,219483,268476,,,-60960,-82524,158523,185952,,,4100,19887,-146322,-196334,115432,325072,-105747,-305490,25986,29087,-3537,-2021,-4390,-2987,853,966,,,,,,,,,22449,27066,,,,,,,22449,27066,,,,,1864961,1633160,,,,,1.0,1.0,1.0,0.0,0.0,0.0,0.0,0.0,1.0,0.0
5503168016,1454958,1087026,-738267,-603108,716691,483918,,,-575748,-477263,140943,6655,,,737,270,-42776,-1084,52481,336689,-116972,-317162,34413,25368,-7188,-16142,-3511,-3705,-3677,-12437,,,,,,,10,-1,27225,9225,,,,,,,27225,9225,,,,,1258975,492254,,,,,1.0,1.0,1.0,41.0,20.0,13.0,0.0,4.0,1.0,1.0
7743129800,1454958,1087026,-738267,-603108,716691,483918,,,-575748,-477263,140943,6655,,,737,270,-42776,-1084,52481,336689,-116972,-317162,34413,25368,-7188,-16142,-3511,-3705,-3677,-12437,,,,,,,10,-1,27225,9225,,,,,,,27225,9225,,,,,1258975,492254,,,,,1.0,1.0,1.0,2.0,0.0,1.0,0.0,0.0,1.0,0.0
7703426268,3027714,1893516,-2306312,-1464799,721402,428717,-1039,-442,-200901,-145718,519462,282557,,,31030,10290,-308708,-151237,59440,175812,-224899,-178461,76325,138961,-23517,-28776,-40592,-26305,17075,-2471,,,,,,,-22,-1109,52786,109076,,,,,,,52786,109076,0,,,,4694969,2867642,,,,,1.0,1.0,1.0,2.0,1.0,1.0,86.0,7.0,1.0,0.0
7709221010,3027714,1893516,-2306312,-1464799,721402,428717,-1039,-442,-200901,-145718,519462,282557,,,31030,10290,-308708,-151237,59440,175812,-224899,-178461,76325,138961,-23517,-28776,-40592,-26305,17075,-2471,,,,,,,-22,-1109,52786,109076,,,,,,,52786,109076,0,,,,4694969,2867642,,,,,1.0,1.0,1.0,0.0,0.0,0.0,0.0,0.0,1.0,0.0
5407191291,3027714,1893516,-2306312,-1464799,721402,428717,-1039,-442,-200901,-145718,519462,282557,,,31030,10290,-308708,-151237,59440,175812,-224899,-178461,76325,138961,-23517,-28776,-40592,-26305,17075,-2471,,,,,,,-22,-1109,52786,109076,,,,,,,52786,109076,0,,,,4694969,2867642,,,,,1.0,1.0,1.0,22.0,12.0,2.0,0.0,22.0,0.0,0.0
1654038318,3027714,1893516,-2306312,-1464799,721402,428717,-1039,-442,-200901,-145718,519462,282557,,,31030,10290,-308708,-151237,59440,175812,-224899,-178461,76325,138961,-23517,-28776,-40592,-26305,17075,-2471,,,,,,,-22,-1109,52786,109076,,,,,,,52786,109076,0,,,,4694969,2867642,,,,,1.0,1.0,1.0,1.0,1.0,0.0,0.0,0.0,0.0,2.0
7804493447,15072,47217,-10644,-42275,4428,4942,,,-13195,-7252,-8767,-2310,,,,,,,12689,42153,-16974,-563038,-13052,-523195,152,-631,-51,-683,152,52,,,,,,,,,-12900,-523826,,,,,,,-12900,-523826,,,,,343757,358828,,,,,1.0,1.0,0.0,13.0,1.0,6.0,5.0,10.0,3.0,0.0
7706196340,15072,47217,-10644,-42275,4428,4942,,,-13195,-7252,-8767,-2310,,,,,,,12689,42153,-16974,-563038,-13052,-523195,152,-631,-51,-683,152,52,,,,,,,,,-12900,-523826,,,,,,,-12900,-523826,,,,,343757,358828,,,,,1.0,1.0,0.0,475.0,114.0,83.0,0.0,40.0,0.0,12.0
7709315684,15072,47217,-10644,-42275,4428,4942,,,-13195,-7252,-8767,-2310,,,,,,,12689,42153,-16974,-563038,-13052,-523195,152,-631,-51,-683,152,52,,,,,,,,,-12900,-523826,,,,,,,-12900,-523826,,,,,343757,358828,,,,,1.0,1.0,0.0,130.0,33.0,19.0,0.0,9.0,1.0,4.0
7744001024,15072,47217,-10644,-42275,4428,4942,,,-13195,-7252,-8767,-2310,,,,,,,12689,42153,-16974,-563038,-13052,-523195,152,-631,-51,-683,152,52,,,,,,,,,-12900,-523826,,,,,,,-12900,-523826,,,,,343757,358828,,,,,1.0,1.0,0.0,307.0,107.0,51.0,0.0,12.0,2.0,1.0
7726637843,68296,50799,-9887,-8938,58409,41861,,,-57535,-41085,874,776,,,944462,944008,-1007805,-956761,354764,468002,-265262,-427294,27033,28731,-6346,-5127,-6382,-2539,361,-2588,,,,,,,,,20687,23604,,,,,,,20687,23604,,,,,10007609,8055045,,,,,1.0,1.0,1.0,0.0,0.0,0.0,0.0,0.0,15.0,0.0
4811012156,57906,21008493,-7222,-2187687,50684,18820806,-6520,-124895,-15275,-103859,28889,18592052,,,0,843262,-204,-35071,9507,16068,-1018899,-1569831,-980707,17846480,-5995,-268070,-6278,-179786,283,-88284,,,,,,,,,-986702,17578410,,,,,,,-986702,17578410,,,,,1833345,2823496,,,,,1.0,1.0,0.0,0.0,0.0,0.0,0.0,0.0,2.0,0.0
7710170659,57906,21008493,-7222,-2187687,50684,18820806,-6520,-124895,-15275,-103859,28889,18592052,,,0,843262,-204,-35071,9507,16068,-1018899,-1569831,-980707,17846480,-5995,-268070,-6278,-179786,283,-88284,,,,,,,,,-986702,17578410,,,,,,,-986702,17578410,,,,,1833345,2823496,,,,,1.0,1.0,0.0,104.0,27.0,30.0,0.0,7.0,1.0,0.0
7703523568,57906,21008493,-7222,-2187687,50684,18820806,-6520,-124895,-15275,-103859,28889,18592052,,,0,843262,-204,-35071,9507,16068,-1018899,-1569831,-980707,17846480,-5995,-268070,-6278,-179786,283,-88284,,,,,,,,,-986702,17578410,,,,,,,-986702,17578410,,,,,1833345,2823496,,,,,1.0,1.0,0.0,114.0,80.0,9.0,1.0,3.0,5.0,0.0
7717116241,57906,21008493,-7222,-2187687,50684,18820806,-6520,-124895,-15275,-103859,28889,18592052,,,0,843262,-204,-35071,9507,16068,-1018899,-1569831,-980707,17846480,-5995,-268070,-6278,-179786,283,-88284,,,,,,,,,-986702,17578410,,,,,,,-986702,17578410,,,,,1833345,2823496,,,,,1.0,1.0,0.0,46.0,8.0,27.0,1.0,7.0,2.0,1.0
7724136129,57906,21008493,-7222,-2187687,50684,18820806,-6520,-124895,-15275,-103859,28889,18592052,,,0,843262,-204,-35071,9507,16068,-1018899,-1569831,-980707,17846480,-5995,-268070,-6278,-179786,283,-88284,,,,,,,,,-986702,17578410,,,,,,,-986702,17578410,,,,,1833345,2823496,,,,,1.0,1.0,0.0,7.0,1.0,1.0,0.0,7.0,1.0,0.0
5406121446,57906,21008493,-7222,-2187687,50684,18820806,-6520,-124895,-15275,-103859,28889,18592052,,,0,843262,-204,-35071,9507,16068,-1018899,-1569831,-980707,17846480,-5995,-268070,-6278,-179786,283,-88284,,,,,,,,,-986702,17578410,,,,,,,-986702,17578410,,,,,1833345,2823496,,,,,1.0,1.0,0.0,312.0,111.0,115.0,1.0,62.0,2.0,3.0
7709804389,350,821,,,350,821,,,-56436,-40914,-56086,-40093,,,625577,696617,-1433138,-1524434,2194343,3587845,-1282994,-3446355,47702,-726420,-9540,139254,-4714,-6241,-4826,145495,,,,,,,-327,,37835,-587166,,,,,,,37835,-587166,,,,,10345638,11155992,,,,,1.0,1.0,0.0,7.0,0.0,5.0,0.0,2.0,2.0,0.0
7710183778,350,821,,,350,821,,,-56436,-40914,-56086,-40093,,,625577,696617,-1433138,-1524434,2194343,3587845,-1282994,-3446355,47702,-726420,-9540,139254,-4714,-6241,-4826,145495,,,,,,,-327,,37835,-587166,,,,,,,37835,-587166,,,,,10345638,11155992,,,,,1.0,1.0,0.0,153.0,90.0,33.0,0.0,18.0,0.0,6.0
7717540595,2522493,1588247,-58838,-263349,2463655,1324898,-410,-12093,-348198,-280893,2115047,1031912,,,141792,169564,-1724131,-977635,518598,1802935,-433731,-1415834,617575,610942,-125832,-126382,-111539,-91928,-14293,-34454,,,,,,,,,491743,484560,,,,,,,491743,484560,,,,,22902609,14671018,,,,,1.0,1.0,1.0,289.0,115.0,53.0,0.0,251.0,1.0,32.0
7444036805,2522493,1588247,-58838,-263349,2463655,1324898,-410,-12093,-348198,-280893,2115047,1031912,,,141792,169564,-1724131,-977635,518598,1802935,-433731,-1415834,617575,610942,-125832,-126382,-111539,-91928,-14293,-34454,,,,,,,,,491743,484560,,,,,,,491743,484560,,,,,22902609,14671018,,,,,1.0,1.0,1.0,41.0,17.0,4.0,0.0,2.0,2.0,0.0
8601023568,2522493,1588247,-58838,-263349,2463655,1324898,-410,-12093,-348198,-280893,2115047,1031912,,,141792,169564,-1724131,-977635,518598,1802935,-433731,-1415834,617575,610942,-125832,-126382,-111539,-91928,-14293,-34454,,,,,,,,,491743,484560,,,,,,,491743,484560,,,,,22902609,14671018,,,,,1.0,1.0,1.0,27479.0,17231.0,8886.0,168.0,17882.0,2.0,1249.0
6625000100,2522493,1588247,-58838,-263349,2463655,1324898,-410,-12093,-348198,-280893,2115047,1031912,,,141792,169564,-1724131,-977635,518598,1802935,-433731,-1415834,617575,610942,-125832,-126382,-111539,-91928,-14293,-34454,,,,,,,,,491743,484560,,,,,,,491743,484560,,,,,22902609,14671018,,,,,1.0,1.0,1.0,124.0,50.0,22.0,0.0,121.0,0.0,33.0
7702358512,2522493,1588247,-58838,-263349,2463655,1324898,-410,-12093,-348198,-280893,2115047,1031912,,,141792,169564,-1724131,-977635,518598,1802935,-433731,-1415834,617575,610942,-125832,-126382,-111539,-91928,-14293,-34454,,,,,,,,,491743,484560,,,,,,,491743,484560,,,,,22902609,14671018,,,,,1.0,1.0,1.0,10.0,3.0,0.0,0.0,3.0,1.0,0.0
7704814182,2522493,1588247,-58838,-263349,2463655,1324898,-410,-12093,-348198,-280893,2115047,1031912,,,141792,169564,-1724131,-977635,518598,1802935,-433731,-1415834,617575,610942,-125832,-126382,-111539,-91928,-14293,-34454,,,,,,,,,491743,484560,,,,,,,491743,484560,,,,,22902609,14671018,,,,,1.0,1.0,1.0,6.0,1.0,1.0,1.0,3.0,7.0,1.0
5406697416,737165,253134,-545335,-152882,191830,100252,,,-113253,-67507,78577,32745,0,10000,1225,1007,-45798,-19716,8108,14581,-34368,-36694,7744,1923,-2114,-551,-2595,,482,-551,,,,,,,,,5630,1372,,,,,,,5630,1372,,,,,603801,520612,,,,,1.0,1.0,1.0,22.0,11.0,12.0,0.0,4.0,1.0,5.0
1658131075,737165,253134,-545335,-152882,191830,100252,,,-113253,-67507,78577,32745,0,10000,1225,1007,-45798,-19716,8108,14581,-34368,-36694,7744,1923,-2114,-551,-2595,,482,-551,,,,,,,,,5630,1372,,,,,,,5630,1372,,,,,603801,520612,,,,,1.0,1.0,1.0,825.0,532.0,62.0,1.0,209.0,1.0,0.0
7707179242,737165,253134,-545335,-152882,191830,100252,,,-113253,-67507,78577,32745,0,10000,1225,1007,-45798,-19716,8108,14581,-34368,-36694,7744,1923,-2114,-551,-2595,,482,-551,,,,,,,,,5630,1372,,,,,,,5630,1372,,,,,603801,520612,,,,,1.0,1.0,1.0,1510.0,333.0,418.0,4.0,52.0,1.0,2.0
7707492166,737165,253134,-545335,-152882,191830,100252,,,-113253,-67507,78577,32745,0,10000,1225,1007,-45798,-19716,8108,14581,-34368,-36694,7744,1923,-2114,-551,-2595,,482,-551,,,,,,,,,5630,1372,,,,,,,5630,1372,,,,,603801,520612,,,,,1.0,1.0,1.0,55.0,37.0,9.0,5.0,1635.0,1.0,0.0
7703603950,737165,253134,-545335,-152882,191830,100252,,,-113253,-67507,78577,32745,0,10000,1225,1007,-45798,-19716,8108,14581,-34368,-36694,7744,1923,-2114,-551,-2595,,482,-551,,,,,,,,,5630,1372,,,,,,,5630,1372,,,,,603801,520612,,,,,1.0,1.0,1.0,95.0,69.0,12.0,0.0,5.0,5.0,3.0
2540016961,737165,253134,-545335,-152882,191830,100252,,,-113253,-67507,78577,32745,0,10000,1225,1007,-45798,-19716,8108,14581,-34368,-36694,7744,1923,-2114,-551,-2595,,482,-551,,,,,,,,,5630,1372,,,,,,,5630,1372,,,,,603801,520612,,,,,1.0,1.0,1.0,785.0,179.0,104.0,3.0,81.0,4.0,11.0
7726445147,737165,253134,-545335,-152882,191830,100252,,,-113253,-67507,78577,32745,0,10000,1225,1007,-45798,-19716,8108,14581,-34368,-36694,7744,1923,-2114,-551,-2595,,482,-551,,,,,,,,,5630,1372,,,,,,,5630,1372,,,,,603801,520612,,,,,1.0,1.0,1.0,12.0,7.0,2.0,0.0,50.0,3.0,3.0
7714106679,737165,253134,-545335,-152882,191830,100252,,,-113253,-67507,78577,32745,0,10000,1225,1007,-45798,-19716,8108,14581,-34368,-36694,7744,1923,-2114,-551,-2595,,482,-551,,,,,,,,,5630,1372,,,,,,,5630,1372,,,,,603801,520612,,,,,1.0,1.0,1.0,5.0,2.0,0.0,0.0,2.0,2.0,1.0
7703213534,737165,253134,-545335,-152882,191830,100252,,,-113253,-67507,78577,32745,0,10000,1225,1007,-45798,-19716,8108,14581,-34368,-36694,7744,1923,-2114,-551,-2595,,482,-551,,,,,,,,,5630,1372,,,,,,,5630,1372,,,,,603801,520612,,,,,1.0,1.0,1.0,1411.0,647.0,155.0,0.0,40.0,0.0,5.0
7701033078,737165,253134,-545335,-152882,191830,100252,,,-113253,-67507,78577,32745,0,10000,1225,1007,-45798,-19716,8108,14581,-34368,-36694,7744,1923,-2114,-551,-2595,,482,-551,,,,,,,,,5630,1372,,,,,,,5630,1372,,,,,603801,520612,,,,,1.0,1.0,1.0,18.0,3.0,6.0,6.0,17.0,2.0,0.0
7713056834,737165,253134,-545335,-152882,191830,100252,,,-113253,-67507,78577,32745,0,10000,1225,1007,-45798,-19716,8108,14581,-34368,-36694,7744,1923,-2114,-551,-2595,,482,-551,,,,,,,,,5630,1372,,,,,,,5630,1372,,,,,603801,520612,,,,,1.0,1.0,1.0,75744.0,29665.0,41212.0,247.0,77907.0,5.0,4133.0
7714011709,737165,253134,-545335,-152882,191830,100252,,,-113253,-67507,78577,32745,0,10000,1225,1007,-45798,-19716,8108,14581,-34368,-36694,7744,1923,-2114,-551,-2595,,482,-551,,,,,,,,,5630,1372,,,,,,,5630,1372,,,,,603801,520612,,,,,1.0,1.0,1.0,17.0,7.0,2.0,0.0,70.0,0.0,0.0
7714007734,737165,253134,-545335,-152882,191830,100252,,,-113253,-67507,78577,32745,0,10000,1225,1007,-45798,-19716,8108,14581,-34368,-36694,7744,1923,-2114,-551,-2595,,482,-551,,,,,,,,,5630,1372,,,,,,,5630,1372,,,,,603801,520612,,,,,1.0,1.0,1.0,16.0,12.0,2.0,0.0,23.0,0.0,2.0
7813067004,737165,253134,-545335,-152882,191830,100252,,,-113253,-67507,78577,32745,0,10000,1225,1007,-45798,-19716,8108,14581,-34368,-36694,7744,1923,-2114,-551,-2595,,482,-551,,,,,,,,,5630,1372,,,,,,,5630,1372,,,,,603801,520612,,,,,1.0,1.0,1.0,9.0,1.0,1.0,0.0,1.0,0.0,0.0
7729593376,246586,2217453,-348665,-806615,-102079,1410838,,,-80249,-1097345,-182328,313493,503661,599493,6511,15586,-206812,-285994,2588970,301870,-5492147,-1750922,-2782145,-806474,657985,29592,,,657985,29592,,,,,,,,,-2124160,-776882,,,,,,,-2124160,-776882,,,,,4698360,6960005,,,,,1.0,0.0,0.0,79.0,12.0,36.0,1.0,20.0,3.0,2.0
7705918106,246586,2217453,-348665,-806615,-102079,1410838,,,-80249,-1097345,-182328,313493,503661,599493,6511,15586,-206812,-285994,2588970,301870,-5492147,-1750922,-2782145,-806474,657985,29592,,,657985,29592,,,,,,,,,-2124160,-776882,,,,,,,-2124160,-776882,,,,,4698360,6960005,,,,,1.0,0.0,0.0,42.0,22.0,10.0,0.0,3.0,0.0,2.0
7703466327,24252,48735,,,,,,,,,,,,,,,-300,-65787,1185692,62031,-1153507,-12856,,,,,,,,,,,,,,,,,3759,2714,,,,,,,,,,,,,538073,1195028,-52177,-28961,-201,-448,1.0,,0.0,14.0,0.0,8.0,0.0,9.0,3.0,0.0
7710288918,24252,48735,,,,,,,,,,,,,,,-300,-65787,1185692,62031,-1153507,-12856,,,,,,,,,,,,,,,,,3759,2714,,,,,,,,,,,,,538073,1195028,-52177,-28961,-201,-448,1.0,,0.0,62.0,22.0,8.0,0.0,3.0,1.0,0.0
7704835400,24252,48735,,,,,,,,,,,,,,,-300,-65787,1185692,62031,-1153507,-12856,,,,,,,,,,,,,,,,,3759,2714,,,,,,,,,,,,,538073,1195028,-52177,-28961,-201,-448,1.0,,0.0,9.0,0.0,4.0,4.0,6.0,1.0,1.0
5404404583,,,,,,,,,,,,,,,,,,,,,,,,,,,,,,,,,,,,,,,,,,,,,,,,,,,,,23440,0,,,,,1.0,,,42.0,5.0,28.0,7.0,63.0,5.0,0.0
3328409738,,,,,,,,,,,,,,,,,,,,,,,,,,,,,,,,,,,,,,,,,,,,,,,,,,,,,23440,0,,,,,1.0,,,1528.0,382.0,1082.0,2.0,1155.0,2.0,1.0
7726486023,,,,,,,,,,,,,,,,,,,,,,,,,,,,,,,,,,,,,,,,,,,,,,,,,,,,,23440,0,,,,,1.0,,,21.0,9.0,6.0,2.0,43.0,1.0,1.0
7702172846,,,,,,,,,,,,,,,,,,,,,,,,,,,,,,,,,,,,,,,,,,,,,,,,,,,,,23440,0,,,,,1.0,,,32.0,6.0,10.0,0.0,0.0,0.0,1.0
5612065074,,,,,,,,,,,,,,,,,,,,,,,,,,,,,,,,,,,,,,,,,,,,,,,,,,,,,23440,0,,,,,1.0,,,30.0,4.0,17.0,1.0,4.0,2.0,0.0
7723627413,,,,,,,,,,,,,,,,,,,,,,,,,,,,,,,,,,,,,,,,,,,,,,,,,,,,,23440,0,,,,,1.0,,,13.0,3.0,3.0,0.0,1.0,15.0,0.0
,,,,,,,,,,,,,,,,,,,,,,,,,,,,,,,,,,,,,,,,,,,,,,,,,,,,,23440,0,,,,,1.0,,,,,,,,,
7825489723,,,,,,,,,,,,,,,,,,,,,,,,,,,,,,,,,,,,,,,,,,,,,,,,,,,,,23440,0,,,,,1.0,,,21.0,7.0,8.0,0.0,1.0,0.0,6.0
7706150949,,,,,,,,,,,,,,,,,,,,,,,,,,,,,,,,,,,,,,,,,,,,,,,,,,,,,23440,0,,,,,1.0,,,0.0,0.0,0.0,0.0,0.0,1.0,0.0
7704221591,15812334,10022160,-1931403,-1360640,13880931,8661520,,,-2838962,-2194208,11041969,6467312,,,728208,936310,-6116439,-2229715,1393917,2868054,-2754200,-4850145,4293455,3191816,-1201207,-749954,-482578,-81224,-718629,-668730,,,,,,,,,3092248,2441862,,,,,,,3092248,2441862,,,,,188743181,150287606,,,,,1.0,1.0,1.0,12259.0,8467.0,987.0,5.0,1737.0,0.0,40.0
7750003943,15812334,10022160,-1931403,-1360640,13880931,8661520,,,-2838962,-2194208,11041969,6467312,,,728208,936310,-6116439,-2229715,1393917,2868054,-2754200,-4850145,4293455,3191816,-1201207,-749954,-482578,-81224,-718629,-668730,,,,,,,,,3092248,2441862,,,,,,,3092248,2441862,,,,,188743181,150287606,,,,,1.0,1.0,1.0,2664.0,352.0,1477.0,58.0,926.0,5.0,9.0
77012256405,15812334,10022160,-1931403,-1360640,13880931,8661520,,,-2838962,-2194208,11041969,6467312,,,728208,936310,-6116439,-2229715,1393917,2868054,-2754200,-4850145,4293455,3191816,-1201207,-749954,-482578,-81224,-718629,-668730,,,,,,,,,3092248,2441862,,,,,,,3092248,2441862,,,,,188743181,150287606,,,,,1.0,1.0,1.0,,,,,,,
7447165728,633798,470842,-545073,-428453,88725,42389,-6886,-2074,-36169,-13935,45670,26380,,,475,7,-16873,-7638,41823,49650,-53728,-63938,16939,4461,-3330,-1172,,,,,,,,,,,-1541,,12068,3289,,,,,,,12068,3289,,,,,386446,229294,,,,,1.0,1.0,1.0,7.0,3.0,3.0,0.0,15.0,1.0,46.0
7705784734,633798,470842,-545073,-428453,88725,42389,-6886,-2074,-36169,-13935,45670,26380,,,475,7,-16873,-7638,41823,49650,-53728,-63938,16939,4461,-3330,-1172,,,,,,,,,,,-1541,,12068,3289,,,,,,,12068,3289,,,,,386446,229294,,,,,1.0,1.0,1.0,9.0,3.0,2.0,1.0,132.0,1.0,1.0
9703077050,633798,470842,-545073,-428453,88725,42389,-6886,-2074,-36169,-13935,45670,26380,,,475,7,-16873,-7638,41823,49650,-53728,-63938,16939,4461,-3330,-1172,,,,,,,,,,,-1541,,12068,3289,,,,,,,12068,3289,,,,,386446,229294,,,,,1.0,1.0,1.0,5.0,0.0,1.0,2.0,0.0,1.0,0.0
7421000200,633798,470842,-545073,-428453,88725,42389,-6886,-2074,-36169,-13935,45670,26380,,,475,7,-16873,-7638,41823,49650,-53728,-63938,16939,4461,-3330,-1172,,,,,,,,,,,-1541,,12068,3289,,,,,,,12068,3289,,,,,386446,229294,,,,,1.0,1.0,1.0,785.0,201.0,99.0,0.0,44.0,2.0,36.0
7446031217,1131741,1226312,-740432,-781325,391309,444987,-224980,-189840,-103761,-87981,62568,167166,,,3995,411,-50944,-37192,75949,14800,-41555,-35821,50013,109364,-8952,-24965,-7294,-9970,-1658,-14995,,,,,,,10,-4396,41061,80003,,,,,,,41061,80003,,,,,1134015,701042,,,,,1.0,1.0,1.0,41.0,17.0,20.0,0.0,67.0,3.0,33.0
7730176955,770458,747138,-272586,-232364,497872,514774,,,-245986,-197841,251886,316933,,,59584,37827,-47305,-56069,39150,7911,-78366,-42202,224949,264400,-49881,-56858,-52939,-58689,3058,1832,,,,,,,,,175068,207542,,,,,,,175068,207542,,,,,1240522,1114706,,,,,1.0,1.0,1.0,34.0,10.0,21.0,0.0,46.0,10.0,0.0
3528000597,770458,747138,-272586,-232364,497872,514774,,,-245986,-197841,251886,316933,,,59584,37827,-47305,-56069,39150,7911,-78366,-42202,224949,264400,-49881,-56858,-52939,-58689,3058,1832,,,,,,,,,175068,207542,,,,,,,175068,207542,,,,,1240522,1114706,,,,,1.0,1.0,1.0,5828.0,2612.0,2949.0,0.0,557.0,50.0,50.0
4207046506,770458,747138,-272586,-232364,497872,514774,,,-245986,-197841,251886,316933,,,59584,37827,-47305,-56069,39150,7911,-78366,-42202,224949,264400,-49881,-56858,-52939,-58689,3058,1832,,,,,,,,,175068,207542,,,,,,,175068,207542,,,,,1240522,1114706,,,,,1.0,1.0,1.0,39.0,17.0,18.0,0.0,33.0,4.0,1.0
6167076880,16190,16492,-47,-328,16143,16164,,,-14364,-11328,1779,4836,0,2893000,413936,28933,-435930,0,1646,503112,-57898,-412760,-76467,3017121,10,-3372,0,-3372,,,,,,,,,-1,-7,-76468,3013742,,,,,,,-76468,3013742,,,,,50018620,4179140,,,,,1.0,1.0,1.0,4.0,2.0,1.0,0.0,4.0,19.0,1.0
6167055777,78246920,100249696,-65324440,-83488949,12922480,16760747,-6754970,-9351675,-1089473,-1038012,5078037,6371060,,,1359898,587891,-2287147,-1185415,3843597,19027552,-2794822,-20819401,5199563,3981687,-1050183,-553622,-1261594,-616994,211411,63372,,,,,,,-242100,52,3907280,3428117,,,,,,,3907280,3428117,,,,,80207308,47793619,,,,,1.0,1.0,1.0,183.0,118.0,56.0,0.0,42.0,0.0,5.0
7714056040,78246920,100249696,-65324440,-83488949,12922480,16760747,-6754970,-9351675,-1089473,-1038012,5078037,6371060,,,1359898,587891,-2287147,-1185415,3843597,19027552,-2794822,-20819401,5199563,3981687,-1050183,-553622,-1261594,-616994,211411,63372,,,,,,,-242100,52,3907280,3428117,,,,,,,3907280,3428117,,,,,80207308,47793619,,,,,1.0,1.0,1.0,1083.0,437.0,174.0,2.0,148.0,1.0,1.0
7841422483,8854099,3034419,-6569970,-2710488,2284129,323931,-568527,-111962,-221989,-165402,1493613,46567,,,43263,67080,-391756,-107690,1668014,443118,-2104775,-419881,708359,29194,-141672,-5839,-176101,-6703,34429,864,,,,,,,-1820,,564867,23355,,,,,,,564867,23355,,,,,5164015,3135259,,,,,1.0,1.0,1.0,0.0,0.0,0.0,0.0,0.0,2.0,0.0
1650072068,8854099,3034419,-6569970,-2710488,2284129,323931,-568527,-111962,-221989,-165402,1493613,46567,,,43263,67080,-391756,-107690,1668014,443118,-2104775,-419881,708359,29194,-141672,-5839,-176101,-6703,34429,864,,,,,,,-1820,,564867,23355,,,,,,,564867,23355,,,,,5164015,3135259,,,,,1.0,1.0,1.0,371.0,123.0,62.0,1.0,70.0,1.0,2.0
9725000621,8854099,3034419,-6569970,-2710488,2284129,323931,-568527,-111962,-221989,-165402,1493613,46567,,,43263,67080,-391756,-107690,1668014,443118,-2104775,-419881,708359,29194,-141672,-5839,-176101,-6703,34429,864,,,,,,,-1820,,564867,23355,,,,,,,564867,23355,,,,,5164015,3135259,,,,,1.0,1.0,1.0,0.0,0.0,0.0,0.0,0.0,2.0,0.0
3232005484,8854099,3034419,-6569970,-2710488,2284129,323931,-568527,-111962,-221989,-165402,1493613,46567,,,43263,67080,-391756,-107690,1668014,443118,-2104775,-419881,708359,29194,-141672,-5839,-176101,-6703,34429,864,,,,,,,-1820,,564867,23355,,,,,,,564867,23355,,,,,5164015,3135259,,,,,1.0,1.0,1.0,2167.0,1400.0,257.0,43.0,9141.0,3.0,1.0
5404154492,8854099,3034419,-6569970,-2710488,2284129,323931,-568527,-111962,-221989,-165402,1493613,46567,,,43263,67080,-391756,-107690,1668014,443118,-2104775,-419881,708359,29194,-141672,-5839,-176101,-6703,34429,864,,,,,,,-1820,,564867,23355,,,,,,,564867,23355,,,,,5164015,3135259,,,,,1.0,1.0,1.0,1577.0,568.0,178.0,1.0,281.0,7.0,113.0
1435138944,8854099,3034419,-6569970,-2710488,2284129,323931,-568527,-111962,-221989,-165402,1493613,46567,,,43263,67080,-391756,-107690,1668014,443118,-2104775,-419881,708359,29194,-141672,-5839,-176101,-6703,34429,864,,,,,,,-1820,,564867,23355,,,,,,,564867,23355,,,,,5164015,3135259,,,,,1.0,1.0,1.0,456.0,181.0,69.0,4.0,179.0,8.0,48.0
4012004991,8854099,3034419,-6569970,-2710488,2284129,323931,-568527,-111962,-221989,-165402,1493613,46567,,,43263,67080,-391756,-107690,1668014,443118,-2104775,-419881,708359,29194,-141672,-5839,-176101,-6703,34429,864,,,,,,,-1820,,564867,23355,,,,,,,564867,23355,,,,,5164015,3135259,,,,,1.0,1.0,1.0,67.0,11.0,30.0,2.0,57.0,23.0,3.0
7744002123,8854099,3034419,-6569970,-2710488,2284129,323931,-568527,-111962,-221989,-165402,1493613,46567,,,43263,67080,-391756,-107690,1668014,443118,-2104775,-419881,708359,29194,-141672,-5839,-176101,-6703,34429,864,,,,,,,-1820,,564867,23355,,,,,,,564867,23355,,,,,5164015,3135259,,,,,1.0,1.0,1.0,195.0,50.0,99.0,45.0,2988.0,0.0,4.0
2539013067,8854099,3034419,-6569970,-2710488,2284129,323931,-568527,-111962,-221989,-165402,1493613,46567,,,43263,67080,-391756,-107690,1668014,443118,-2104775,-419881,708359,29194,-141672,-5839,-176101,-6703,34429,864,,,,,,,-1820,,564867,23355,,,,,,,564867,23355,,,,,5164015,3135259,,,,,1.0,1.0,1.0,1021.0,294.0,147.0,6.0,170.0,0.0,24.0
7453326003,195398,315667,-150701,-28001,44697,287666,-34488,-71294,-100381,-67262,-90172,149110,750000,,282652,104547,-546744,-249524,376298,500326,-436736,-316057,335298,188402,46264,-50776,0,-50376,46264,-400,,,,,,,10,-250,381562,137376,,,,,,,381562,137376,,,,,10330347,4811030,,,,,1.0,1.0,1.0,1.0,0.0,1.0,0.0,0.0,2.0,0.0
7743001840,66029900,48436604,-61962196,-37086274,4067704,11350330,-5679168,-5462891,-16637706,-12836350,-18249170,-6948911,,,2792504,813325,-6609800,-4509243,5002754,21513793,-10644956,-17059080,-27708668,-6190116,,,,,,,,,,,,,-2142,-2053460,-27710810,-8243576,,,,,,,-27710810,-8243576,,,,,364976100,308411686,,,,,1.0,1.0,1.0,297.0,30.0,45.0,0.0,17.0,14.0,9.0
4346013603,66029900,48436604,-61962196,-37086274,4067704,11350330,-5679168,-5462891,-16637706,-12836350,-18249170,-6948911,,,2792504,813325,-6609800,-4509243,5002754,21513793,-10644956,-17059080,-27708668,-6190116,,,,,,,,,,,,,-2142,-2053460,-27710810,-8243576,,,,,,,-27710810,-8243576,,,,,364976100,308411686,,,,,1.0,1.0,1.0,761.0,151.0,108.0,0.0,35.0,0.0,26.0
9703145944,66029900,48436604,-61962196,-37086274,4067704,11350330,-5679168,-5462891,-16637706,-12836350,-18249170,-6948911,,,2792504,813325,-6609800,-4509243,5002754,21513793,-10644956,-17059080,-27708668,-6190116,,,,,,,,,,,,,-2142,-2053460,-27710810,-8243576,,,,,,,-27710810,-8243576,,,,,364976100,308411686,,,,,1.0,1.0,1.0,30.0,12.0,0.0,0.0,0.0,0.0,0.0
5032292806,440790,442648,-200950,-220376,239840,222272,,,-215583,-188781,24257,33491,,,418,1261,-10671,-9909,28124,21770,-30080,-27913,12048,18700,-2496,-3951,-4593,-2680,2097,-1272,,,,,,,10,-1,9552,14748,,,,,,,9552,14748,,,,,336464,187273,,,,,1.0,1.0,1.0,7.0,4.0,2.0,2.0,18.0,1.0,0.0
7705380065,440790,442648,-200950,-220376,239840,222272,,,-215583,-188781,24257,33491,,,418,1261,-10671,-9909,28124,21770,-30080,-27913,12048,18700,-2496,-3951,-4593,-2680,2097,-1272,,,,,,,10,-1,9552,14748,,,,,,,9552,14748,,,,,336464,187273,,,,,1.0,1.0,1.0,91.0,6.0,9.0,0.0,4.0,2.0,6.0
7453002182,,,,,,,,,,,,,,,,,,,,,,,,,,,,,,,,,,,,,,,,,,,,,,,,,,,,,256,256,,,,,1.0,,,517.0,150.0,70.0,0.0,58.0,2.0,28.0
7707083893,,,,,,,,,,,,,,,,,,,,,,,,,,,,,,,,,,,,,,,,,,,,,,,,,,,,,256,256,,,,,1.0,,,136079.0,77635.0,15804.0,245.0,21246.0,30.0,5655.0
7722266450,3168426,1453325,-125974,-121735,3042452,1331590,,,-2157050,-761100,885402,570490,,,2042082,2625054,-3183500,-3573731,273218,234872,-16691,-7201,511,-150516,-539,29839,-491,,-47,29839,,,,,,,,,-28,-120677,,,,,,,-28,-120677,,,,,76993647,76331605,,,,,1.0,1.0,1.0,31.0,0.0,17.0,0.0,6.0,5.0,0.0
3906098008,3168426,1453325,-125974,-121735,3042452,1331590,,,-2157050,-761100,885402,570490,,,2042082,2625054,-3183500,-3573731,273218,234872,-16691,-7201,511,-150516,-539,29839,-491,,-47,29839,,,,,,,,,-28,-120677,,,,,,,-28,-120677,,,,,76993647,76331605,,,,,1.0,1.0,1.0,215.0,44.0,54.0,0.0,20.0,1.0,9.0
7826685368,3168426,1453325,-125974,-121735,3042452,1331590,,,-2157050,-761100,885402,570490,,,2042082,2625054,-3183500,-3573731,273218,234872,-16691,-7201,511,-150516,-539,29839,-491,,-47,29839,,,,,,,,,-28,-120677,,,,,,,-28,-120677,,,,,76993647,76331605,,,,,1.0,1.0,1.0,25.0,6.0,13.0,0.0,0.0,3.0,0.0
274045684,3168426,1453325,-125974,-121735,3042452,1331590,,,-2157050,-761100,885402,570490,,,2042082,2625054,-3183500,-3573731,273218,234872,-16691,-7201,511,-150516,-539,29839,-491,,-47,29839,,,,,,,,,-28,-120677,,,,,,,-28,-120677,,,,,76993647,76331605,,,,,1.0,1.0,1.0,93.0,30.0,19.0,0.0,146.0,6.0,2.0
7725594308,3168426,1453325,-125974,-121735,3042452,1331590,,,-2157050,-761100,885402,570490,,,2042082,2625054,-3183500,-3573731,273218,234872,-16691,-7201,511,-150516,-539,29839,-491,,-47,29839,,,,,,,,,-28,-120677,,,,,,,-28,-120677,,,,,76993647,76331605,,,,,1.0,1.0,1.0,175.0,12.0,15.0,1.0,121.0,1.0,392.0
7706810747,3168426,1453325,-125974,-121735,3042452,1331590,,,-2157050,-761100,885402,570490,,,2042082,2625054,-3183500,-3573731,273218,234872,-16691,-7201,511,-150516,-539,29839,-491,,-47,29839,,,,,,,,,-28,-120677,,,,,,,-28,-120677,,,,,76993647,76331605,,,,,1.0,1.0,1.0,8136.0,7652.0,268.0,29.0,1247.0,0.0,143.0
7701350084,76616171,73124201,-47202772,-33340957,29413399,39783244,-343833,-257985,-4201424,-4070761,24868142,35454498,2358595,2300604,2277653,2537958,-367445,-182576,38681253,53544988,-44477449,-77304997,23340749,16350475,-1288601,1013944,-988925,-56418,-299676,1070361,,,,,,,-3609660,-2238779,18442488,15125640,,,,,,,18442488,15125640,,,,,263972946,214481328,,,,,1.0,1.0,1.0,26.0,15.0,9.0,0.0,22.0,16.0,38.0
7841019595,1468629,1218828,-493725,-483212,974904,735616,0,-432,-653285,-555039,321619,180145,,,8557,2709,-209758,-92527,386,3012,-34027,-31333,86777,62006,-17548,-9567,-682,-12166,-16866,2599,,,,,,,-3287,37,65942,52476,,,,,,,65942,52476,,,,,2010067,913950,,,,,1.0,1.0,1.0,82.0,25.0,25.0,14.0,328.0,1.0,2.0
7728306068,1468629,1218828,-493725,-483212,974904,735616,0,-432,-653285,-555039,321619,180145,,,8557,2709,-209758,-92527,386,3012,-34027,-31333,86777,62006,-17548,-9567,-682,-12166,-16866,2599,,,,,,,-3287,37,65942,52476,,,,,,,65942,52476,,,,,2010067,913950,,,,,1.0,1.0,1.0,409.0,377.0,13.0,1.0,94.0,1.0,0.0
6732058497,34335920,20626145,-32914509,-19670909,1421411,955236,-321459,-221847,,,1099952,733389,,,1452,1208,-166804,-147737,96042,25363,-221228,-310062,809414,302161,-162561,-59798,-163356,-60986,795,1188,,,,,,,,,646853,242363,,,,,,,646853,242363,,,,,3948413,3184847,,,,,1.0,1.0,1.0,134.0,78.0,40.0,0.0,29.0,1.0,144.0
